url,label
https://www.google.com,0
https://www.facebook.com,0
https://www.amazon.com,0
https://www.github.com,0
https://www.microsoft.com,0
https://www.apple.com,0
https://www.netflix.com,0
https://www.linkedin.com,0
https://www.twitter.com,0
https://www.reddit.com,0
https://www.wikipedia.org,0
https://www.stackoverflow.com,0
https://www.youtube.com,0
https://www.instagram.com,0
https://www.paypal.com,0
https://www.ebay.com,0
https://www.dropbox.com,0
https://www.spotify.com,0
https://www.adobe.com,0
https://www.salesforce.com,0
https://www.oracle.com,0
https://www.ibm.com,0
https://www.hp.com,0
https://www.dell.com,0
https://www.samsung.com,0
https://www.sony.com,0
https://www.intel.com,0
https://www.nvidia.com,0
https://www.cisco.com,0
https://www.zoom.us,0
https://www.slack.com,0
https://www.notion.so,0
https://www.figma.com,0
https://www.trello.com,0
https://www.asana.com,0
https://www.mailchimp.com,0
https://www.hubspot.com,0
https://www.shopify.com,0
https://www.wordpress.com,0
https://www.squarespace.com,0
https://www.wix.com,0
https://www.cloudflare.com,0
https://www.digitalocean.com,0
https://www.heroku.com,0
https://www.stripe.com,0
https://www.twilio.com,0
https://www.sendgrid.com,0
https://www.mongodb.com,0
https://www.elastic.co,0
https://www.atlassian.com,0
http://secure-login-paypal.verify-account.com/login,1
http://www.paypa1.com/signin/account-verify,1
http://amazon-security-alert.com/login?verify=true,1
http://192.168.1.1/phishing/bank/login.php,1
http://apple-id-verify-locked.tk/verify,1
http://microsoft-security-update.ml/windows/verify,1
http://faceb00k-login-verify.gq/account,1
http://netfl1x-billing-update.xyz/payment,1
http://secure-banking-alert.com/login@verify,1
http://update-your-bankinfo.com/secure/login,1
http://verify-account-suspended.ml/reactivate,1
http://account-login-secure-update.tk/bank,1
http://free-gift-card-amazon-100.xyz/claim,1
http://paypal-account-limitation.gq/resolve,1
http://google-account-verify-now.ml/signin,1
http://instagram-prize-winner-2024.xyz/claim,1
http://banking-secure-update.ml/login,1
http://win-iphone-15-free.xyz/enter,1
http://signin-appleid-locked.gq/unlock,1
http://ebay-suspended-account.ml/verify,1
http://secure-paypal-login.verify-now.gq,1
http://facebook-security-team.ml/verify-account,1
http://amazon-prime-renew-now.xyz/billing,1
http://dropbox-shared-document-view.ml/download,1
http://wellsfargo-secure-login.tk/online,1
http://chase-bank-verify-identity.gq/login,1
http://citibank-alert-verify.ml/account,1
http://bankofamerica-secure.xyz/login,1
http://account-suspended-verify.gq/reactivate,1
http://steam-free-games-offer.ml/login,1
http://fedex-package-delivery-confirm.xyz,1
http://ups-tracking-package-alert.ml/track,1
http://dhl-package-held-verify.gq/confirm,1
http://irs-tax-refund-pending.xyz/claim,1
http://social-security-alert-now.ml/verify,1
http://covid-relief-fund-apply.gq/register,1
http://cryptocurrency-investment-double.xyz/invest,1
http://free-robux-generator-2024.ml/generate,1
http://netflix-free-premium-trial.gq/activate,1
http://spotify-premium-free-3months.xyz/get,1
http://your-account-has-been-hacked-verify.ml,1
http://verify-your-identity-bank.xyz/secure/login,1
http://password-reset-required-now.ml/reset,1
http://secure-document-sign-now.gq/docusign,1
http://microsoft365-subscription-expired.xyz/renew,1
http://zoom-meeting-invitation-join.ml/meeting,1
http://linkedin-profile-view-alert.gq/view,1
http://whatsapp-account-verify-code.ml/verify,1
http://telegram-account-suspended.xyz/reactivate,1
http://snapchat-streak-restore-free.ml/restore,1
https://www.target.com,0
https://www.bestbuy.com,0
https://www.homedepot.com,0
https://www.walmart.com,0
https://www.costco.com,0
https://www.etsy.com,0
https://www.airbnb.com,0
https://www.booking.com,0
https://www.expedia.com,0
https://www.tripadvisor.com,0
https://www.yelp.com,0
https://www.quora.com,0
https://www.medium.com,0
https://www.reuters.com,0
https://www.bbc.com,0
https://www.cnn.com,0
https://www.nytimes.com,0
https://www.theguardian.com,0
https://www.forbes.com,0
https://www.bloomberg.com,0
http://claim-your-bonus-now.gq/register,1
http://limited-time-offer-win-prize.xyz/enter,1
http://verify-login-suspended-account.ml/fix,1
http://bank-transfer-confirm-now.gq/confirm,1
http://secure-wire-transfer-verify.xyz/approve,1
